id,artigo,doi,link,titulo,veiculo,ano,editora,editora_estabelecida,quartil,status,o_que_fazer,arquivo_destino,veredito,razao
airline_s001,airline,10.1201/9781003133087,https://doi.org/10.1201/9781003133087,Foreign Object Debris and Damage in Aviation,,2022,,False,-,fechado,"sem via OA conhecida — acesso institucional, biblioteca ou pedido ao autor",pdf/airline_s001.pdf,correto,capítulo ou livro
airline_s021,airline,10.3030/687772,https://doi.org/10.3030/687772,,,2021,,False,-,fechado,"sem via OA conhecida — acesso institucional, biblioteca ou pedido ao autor",pdf/airline_s021.pdf,correto,"DOI de projeto (CORDIS), não é publicação"
airline_063,airline,10.2514/6.2020-2853,https://doi.org/10.2514/6.2020-2853,Econometric Analysis of Flight Times and the Effects of Performance Based Navigation,AIAA AVIATION 2020 FORUM,2020,,False,-,fechado,"sem via OA conhecida — acesso institucional, biblioteca ou pedido ao autor",pdf/airline_063.pdf,correto,anais de conferência
airline_045,airline,10.1063/5.0110640,https://doi.org/10.1063/5.0110640,Aircraft routes of domestic cargo transport based on the Indonesian National Logistics System,AIP conference proceedings,2023,American Institute of Physics,False,-,fechado,"sem via OA conhecida — acesso institucional, biblioteca ou pedido ao autor",pdf/airline_045.pdf,correto,anais de conferência
airline_s013,airline,10.2139/ssrn.3184644,https://doi.org/10.2139/ssrn.3184644,"Financial Distress, Survival Network Design and Airline Pricing: An Events Study of a Merger Between a Low-Cost and a Full-Service Carrier",SSRN Electronic Journal,2018,RELX Group (Netherlands),False,-,fechado,"sem via OA conhecida — acesso institucional, biblioteca ou pedido ao autor",pdf/airline_s013.pdf,correto,repositório de preprint
airline_s017,airline,10.2139/ssrn.4077552,https://doi.org/10.2139/ssrn.4077552,The Role of Market Structure in Airline Mergers: Evaluating Alternative Causes of Delays,SSRN Electronic Journal,2024,RELX Group (Netherlands),False,-,fechado,"sem via OA conhecida — acesso institucional, biblioteca ou pedido ao autor",pdf/airline_s017.pdf,correto,repositório de preprint
airline_048,airline,10.5937/npdunp1802119r,https://doi.org/10.5937/npdunp1802119r,The evaluation of the Balkan countries results relative to establishing effective market competition,Naucne publikacije Drzavnog univerziteta u Novom Pazaru Serija B Drustvene & humanisticke nauke,2018,Faculty of Agronomy in Čačak,False,-,oa_bloqueado,sem rota OA automática — tentar acesso institucional ou pedir ao autor,pdf/airline_048.pdf,periodico,"periódico de verdade, fora do Scopus ou recente"
airline_064,airline,10.2139/ssrn.3100261,https://doi.org/10.2139/ssrn.3100261,Airport Slots and the Internalization of Congestion by Airlines,SSRN Electronic Journal,2018,RELX Group (Netherlands),False,-,oa_bloqueado,sem rota OA automática — tentar acesso institucional ou pedir ao autor,pdf/airline_064.pdf,correto,repositório de preprint
airline_069,airline,10.2139/ssrn.3253232,https://doi.org/10.2139/ssrn.3253232,The Impact of Delays on Customers’ Satisfaction: An Empirical Analysis of the British Airways On-Time Performance at Heathrow Airport,SSRN Electronic Journal,2018,RELX Group (Netherlands),False,-,oa_bloqueado,sem rota OA automática — tentar acesso institucional ou pedir ao autor,pdf/airline_069.pdf,correto,repositório de preprint
airline_059,airline,10.1108/s2212-160920170000006014,https://doi.org/10.1108/s2212-160920170000006014,Low-Cost Carriers and Airports: A Complex Relationship,,2017,,True,-,tem_texto,texto em mãos — falta ler a passagem e classificar em data/classify.json,pdf/airline_059.pdf,correto,capítulo ou livro
airline_067,airline,10.11606/d.12.2021.tde-19012022-204119,https://doi.org/10.11606/d.12.2021.tde-19012022-204119,Como as empresas aéreas respondem à saída de um competidor potencial: o caso da Avianca Brasil,,2021,,False,-,tem_texto,texto em mãos — falta ler a passagem e classificar em data/classify.json,pdf/airline_067.pdf,correto,tese ou dissertação
airline_008,airline,10.5281/zenodo.10671654,https://doi.org/10.5281/zenodo.10671654,Determinantes concorrenciais dos atrasos dos voos no aeroporto e na rota,RePEc: Research Papers in Economics,2024,Federal Reserve Bank of St. Louis,False,-,tem_texto,texto em mãos — falta ler a passagem e classificar em data/classify.json,pdf/airline_008.pdf,correto,repositório de preprint
airline_s012,airline,10.33119/sip.2025.201.2,https://doi.org/10.33119/sip.2025.201.2,Ryzyko biznesowe w pasażerskim lotnictwie cywilnym – w poszukiwaniu źródeł niestabilności sektora,Studia i Prace Kolegium Zarządzania i Finansów / Szkoła Główna Handlowa,2025,,False,-,tem_texto,texto em mãos — falta ler a passagem e classificar em data/classify.json,pdf/airline_s012.pdf,periodico,"periódico de verdade, fora do Scopus ou recente"
airline_s008,airline,10.1108/s2212-160920170000006006,https://doi.org/10.1108/s2212-160920170000006006,Airport and Airline Relationship of Multiple Functional Structures,The Economics of Airport Operations,2017,,True,-,tem_texto,texto em mãos — falta ler a passagem e classificar em data/classify.json,pdf/airline_s008.pdf,correto,capítulo ou livro
airline_066,airline,10.1007/978-3-030-71704-9_45,https://doi.org/10.1007/978-3-030-71704-9_45,An Analysis of Flight Delays at Taoyuan Airport,Transactions on computational science and computational intelligence,2021,Springer International Publishing,True,-,tem_texto,texto em mãos — falta ler a passagem e classificar em data/classify.json,pdf/airline_066.pdf,correto,capítulo ou livro
airline_003,airline,10.5281/zenodo.17506763,https://doi.org/10.5281/zenodo.17506763,Low-Cost Carriers in Aviation: Significance and Developments,arXiv (Cornell University),2025,Cornell University,False,-,tem_texto,texto em mãos — falta ler a passagem e classificar em data/classify.json,pdf/airline_003.pdf,correto,repositório de preprint
airline_010,airline,10.5281/zenodo.10671650,https://doi.org/10.5281/zenodo.10671650,Low costs na aviacao: importancia e desdobramentos,arXiv (Cornell University),2024,Cornell University,False,-,tem_texto,texto em mãos — falta ler a passagem e classificar em data/classify.json,pdf/airline_010.pdf,correto,repositório de preprint
airline_009,airline,10.5281/zenodo.10671656,https://doi.org/10.5281/zenodo.10671656,Impactos da Navega\c{c}\~ao Baseada em Performance nos Tempos de Voo da Avia\c{c}\~ao Comercial,RePEc: Research Papers in Economics,2024,Federal Reserve Bank of St. Louis,False,-,texto_incorreto,arquivo não bate com o título do registro — buscar de novo,pdf/airline_009.pdf,correto,repositório de preprint
airline_040,airline,10.14295/transportes.v26i2.1379,https://doi.org/10.14295/transportes.v26i2.1379,Modelo de identificação do impacto futuro de chuvas extremas nos atrasos/cancelamentos de voos,Transportes,2018,Associação Nacional de Pesquisa e Ensino em Transportes,False,-,texto_incorreto,arquivo não bate com o título do registro — buscar de novo,pdf/airline_040.pdf,periodico,"periódico de verdade, fora do Scopus ou recente"
airline_065,airline,10.14295/transportes.v29i1.2236,https://doi.org/10.14295/transportes.v29i1.2236,Antecipação de mudança de regime na fatia diária de voos atrasados e cancelados no aeroporto internacional de São Paulo/Guarulhos,Transportes,2021,Associação Nacional de Pesquisa e Ensino em Transportes,False,-,texto_incorreto,arquivo não bate com o título do registro — buscar de novo,pdf/airline_065.pdf,periodico,"periódico de verdade, fora do Scopus ou recente"
airline_011,airline,10.5281/zenodo.10671658,https://doi.org/10.5281/zenodo.10671658,An\'alise das estrat\'egias de planejamento de tempos de voo pelas companhias a\'ereas,arXiv (Cornell University),2024,Cornell University,False,-,texto_incorreto,arquivo não bate com o título do registro — buscar de novo,pdf/airline_011.pdf,correto,repositório de preprint
airline_s016,airline,10.1007/978-3-662-54171-5_4,https://doi.org/10.1007/978-3-662-54171-5_4,,Angewandte Optimierung mit IBM ILOG CPLEX Optimization Studio,2023,,True,-,texto_parcial,só página de rosto/abstract — buscar o texto completo por outra rota,pdf/airline_s016.pdf,correto,capítulo ou livro
airline_044,airline,10.55959/msu0130-0105-6-59-2-9,https://doi.org/10.55959/msu0130-0105-6-59-2-9,Determinants of entry on airline markets,Lomonosov Economics Journal,2024,,False,-,texto_parcial,só página de rosto/abstract — buscar o texto completo por outra rota,pdf/airline_044.pdf,periodico,"periódico de verdade, fora do Scopus ou recente"
airline_s014,airline,10.13016/vgi6-awc2,https://doi.org/10.13016/vgi6-awc2,Optimal Reassignment of Flights to Gates Focusing on Transfer Passengers,University Libraries (University of Maryland),2019,"University of Maryland, College Park",False,-,texto_parcial,só página de rosto/abstract — buscar o texto completo por outra rota,pdf/airline_s014.pdf,correto,tese ou dissertação
grains_s019,grains,10.47749/t/unicamp.2023.1372938,https://doi.org/10.47749/t/unicamp.2023.1372938,Electronic sensors for grain storage,,2023,,False,-,fechado,"sem via OA conhecida — acesso institucional, biblioteca ou pedido ao autor",pdf/grains_s019.pdf,correto,tese ou dissertação
grains_055,grains,10.1016/bs.hesagr.2022.03.001,https://doi.org/10.1016/bs.hesagr.2022.03.001,"Food Waste: Farms, distributors, retailers, and households",Handbook of agricultural economics,2022,Elsevier BV,True,-,fechado,"sem via OA conhecida — acesso institucional, biblioteca ou pedido ao autor",pdf/grains_055.pdf,correto,capítulo ou livro
grains_s007,grains,10.1201/9781003245384-34,https://doi.org/10.1201/9781003245384-34,Post-harvest Management Through Convergence of Innovation and Technology,Innovations in Agriculture for a Self-Reliant India,2021,,False,-,fechado,"sem via OA conhecida — acesso institucional, biblioteca ou pedido ao autor",pdf/grains_s007.pdf,correto,capítulo ou livro
grains_s018,grains,10.1201/9781003055037-8,https://doi.org/10.1201/9781003055037-8,Application of Optimization and Statistical Techniques in Post-Harvest Supply Chain,Mathematical Modeling and Computation of Real-Time Problems,2021,,False,-,fechado,"sem via OA conhecida — acesso institucional, biblioteca ou pedido ao autor",pdf/grains_s018.pdf,correto,capítulo ou livro
grains_042,grains,10.24203/ajafs.v9i2.6615,https://doi.org/10.24203/ajafs.v9i2.6615,Quality Deterioration of Postharvest Fruits and Vegetables in Developing Country Pakistan: A Mini Overview,Asian Journal of Agriculture and Food Sciences,2021,,False,-,oa_bloqueado,sem rota OA automática — tentar acesso institucional ou pedir ao autor,pdf/grains_042.pdf,periodico,"periódico de verdade, fora do Scopus ou recente"
grains_004,grains,10.1016/j.clfs.2026.100028,https://doi.org/10.1016/j.clfs.2026.100028,Understanding the nexus of postharvest losses and food insecurity: Empirical evidence from Nigeria,Cleaner Food Systems,2026,Elsevier BV,True,-,oa_bloqueado,sem rota OA automática — tentar acesso institucional ou pedir ao autor,pdf/grains_004.pdf,periodico,"periódico de verdade, fora do Scopus ou recente"
grains_045,grains,10.1051/e3sconf/202017505005,https://doi.org/10.1051/e3sconf/202017505005,Performance analysis of the process of combine harvesting of grain crops,E3S Web of Conferences,2020,EDP Sciences,False,-,oa_bloqueado,sem rota OA automática — tentar acesso institucional ou pedir ao autor,pdf/grains_045.pdf,correto,anais de conferência
grains_049,grains,10.1051/e3sconf/202127307010,https://doi.org/10.1051/e3sconf/202127307010,An integrated intelligent system for managing the efficiency of the production processes,E3S Web of Conferences,2021,EDP Sciences,False,-,oa_bloqueado,sem rota OA automática — tentar acesso institucional ou pedir ao autor,pdf/grains_049.pdf,correto,anais de conferência
grains_010,grains,10.47941/ijhss.2771,https://doi.org/10.47941/ijhss.2771,"Association between Household Socio-Demographic Factors and Postharvest Management Technologies Use for Grains in Dodoma Region, Tanzania",International Journal of Humanity and Social Sciences,2025,,False,-,oa_bloqueado,sem rota OA automática — tentar acesso institucional ou pedir ao autor,pdf/grains_010.pdf,periodico,"periódico de verdade, fora do Scopus ou recente"
grains_016,grains,10.58567/rea03040001,https://doi.org/10.58567/rea03040001,Grain Trade: A Literature Review and Research Outlook,Review of Economic Assessment,2024,,False,-,oa_bloqueado,sem rota OA automática — tentar acesso institucional ou pedir ao autor,pdf/grains_016.pdf,periodico,"periódico de verdade, fora do Scopus ou recente"
grains_046,grains,10.1051/shsconf/202521601068,https://doi.org/10.1051/shsconf/202521601068,Optimizing Supply Chain Management to Reduce Food Waste and Loss in Agriculture,SHS Web of Conferences,2025,EDP Sciences,False,-,oa_bloqueado,sem rota OA automática — tentar acesso institucional ou pedir ao autor,pdf/grains_046.pdf,correto,anais de conferência
grains_032,grains,10.2139/ssrn.4193379,https://doi.org/10.2139/ssrn.4193379,Food Loss and Waste from Farm to Gate in Brazilian Soybean Production,SSRN Electronic Journal,2022,RELX Group (Netherlands),False,-,oa_bloqueado,sem rota OA automática — tentar acesso institucional ou pedir ao autor,pdf/grains_032.pdf,correto,repositório de preprint
grains_056,grains,10.1007/978-981-97-2795-7_12,https://doi.org/10.1007/978-981-97-2795-7_12,"Enhancing Food Security, Safety, and Sustainability via the Application of Radiation Technology",,2024,,True,-,tem_texto,texto em mãos — falta ler a passagem e classificar em data/classify.json,pdf/grains_056.pdf,correto,capítulo ou livro
grains_059,grains,10.1007/978-3-030-98067-2_172-1,https://doi.org/10.1007/978-3-030-98067-2_172-1,The Role of Biotechnology in Climate Change Adaptation and Postharvest Loss Mitigation in Blueberries,,2025,,True,-,tem_texto,texto em mãos — falta ler a passagem e classificar em data/classify.json,pdf/grains_059.pdf,correto,capítulo ou livro
grains_060,grains,10.1007/978-3-031-06562-0_11,https://doi.org/10.1007/978-3-031-06562-0_11,"Food Waste Biorefineries: Developments, Current Advances and Future Outlook",,2022,,True,-,tem_texto,texto em mãos — falta ler a passagem e classificar em data/classify.json,pdf/grains_060.pdf,correto,capítulo ou livro
grains_061,grains,10.46632/rmc/2/4/29,https://doi.org/10.46632/rmc/2/4/29,Post-harvest losses in Indian maize amid increasing food insecurity Analysis using TOPSIS method,,2021,,False,-,tem_texto,texto em mãos — falta ler a passagem e classificar em data/classify.json,pdf/grains_061.pdf,periodico,"periódico de verdade, fora do Scopus ou recente"
grains_s016,grains,10.58694/20.500.12479/2737,https://doi.org/10.58694/20.500.12479/2737,"Design of an evaporative cooling system integrated with ultraviolet light for preservation of fruits and vegetables at variable tropical weather conditions: a case study of Arusha, Tanzania",,2024,,False,-,tem_texto,texto em mãos — falta ler a passagem e classificar em data/classify.json,pdf/grains_s016.pdf,correto,tese ou dissertação
grains_047,grains,10.4236/as.2022.139061,https://doi.org/10.4236/as.2022.139061,"Grain Hermetic Storage Adoption in Northern Uganda: Awareness, Use, and the Constraints to Technology Adoption",Agricultural Sciences,2022,Scientific Research Publishing,False,-,tem_texto,texto em mãos — falta ler a passagem e classificar em data/classify.json,pdf/grains_047.pdf,periodico,"periódico de verdade, fora do Scopus ou recente"
grains_019,grains,10.51470/plantarchives.2024.v24.sp-gabels.029,https://doi.org/10.51470/plantarchives.2024.v24.sp-gabels.029,TESTING THE EFFECT OF HERBAL POWDERS ON GRAIN PARAMETERS IN STORED WHEAT IN THE PRESENCE OF SITOPHILUS ORYZAE UNDER FREE CHOICE,PLANT ARCHIVES,2024,Dr. R.S. Yadav,False,-,tem_texto,texto em mãos — falta ler a passagem e classificar em data/classify.json,pdf/grains_019.pdf,periodico,"periódico de verdade, fora do Scopus ou recente"
grains_058,grains,10.18378/rvads.v18i2.9586,https://doi.org/10.18378/rvads.v18i2.9586,Sustentabilidade e segurança alimentar e nutricional,Revista Verde de Agroecologia e Desenvolvimento Sustentável,2023,Grupo Verde de Agroecologia e Abelhas (GVAA),False,-,tem_texto,texto em mãos — falta ler a passagem e classificar em data/classify.json,pdf/grains_058.pdf,periodico,"periódico de verdade, fora do Scopus ou recente"
grains_044,grains,10.26898/0370-8799-2020-4-11,https://doi.org/10.26898/0370-8799-2020-4-11,Interaction of vehicles with the grain pre-treatment point,Siberian Herald of Agricultural Science,2020,,False,-,tem_texto,texto em mãos — falta ler a passagem e classificar em data/classify.json,pdf/grains_044.pdf,periodico,"periódico de verdade, fora do Scopus ou recente"
grains_s015,grains,10.4314/tjs.v49i3.16,https://doi.org/10.4314/tjs.v49i3.16,"Design of a Cooling System Integrated with Ultraviolet Light for Preservation of Fruits and Vegetables at Variable Tropical Weather Conditions: A Case Study of Arusha, Tanzania",Tanzania Journal of Science,2023,African Journals OnLine,False,-,tem_texto,texto em mãos — falta ler a passagem e classificar em data/classify.json,pdf/grains_s015.pdf,periodico,"periódico de verdade, fora do Scopus ou recente"
grains_005,grains,10.64026/jssf/2026006,https://doi.org/10.64026/jssf/2026006,Adoption Dynamics of Hermetic Storage Technology and Post Harvest Quality Outcomes in Maize Production,Journal of Smart and Sustainable Farming,2026,,False,-,texto_incorreto,arquivo não bate com o título do registro — buscar de novo,pdf/grains_005.pdf,periodico,"periódico de verdade, fora do Scopus ou recente"
grains_026,grains,10.1088/1755-1315/1253/1/012001,https://doi.org/10.1088/1755-1315/1253/1/012001,Toxicity and chemical compounds of Piper aduncum fruit extract against storage pest Sitophilus oryzae and Callosobruchus maculatus,IOP Conference Series Earth and Environmental Science,2023,IOP Publishing,False,-,texto_parcial,só página de rosto/abstract — buscar o texto completo por outra rota,pdf/grains_026.pdf,correto,anais de conferência
grains_062,grains,10.31713/mcit.2024.073,https://doi.org/10.31713/mcit.2024.073,Convective-thermal drying simulation to reduce the damage of the grain in convective plants,Modeling Control and Information Technologies,2024,,False,-,texto_parcial,só página de rosto/abstract — buscar o texto completo por outra rota,pdf/grains_062.pdf,periodico,"periódico de verdade, fora do Scopus ou recente"
